{"seed": 68, "trainIters": 30, "negRewM": 1.0, "startTrainIdx": 254, "hiddenLayer": 50, "sharpe": {"avg": 1.4885}, "maxDD": {"avg": -0.08025679057202}, "ACWI_EFA": 0.3, "totalReturns": [0.3, 2.03, 0.09, 0.48, -0.38, 0.04, 0.16, -0.24, 0.65, -0.4, 8.55, -0.1, 0.33, -0.14, -0.15, 0.07, 0.19, -0.13, 0.05, -0.4, 0.07, 0.48, -0.2, -0.06, 0.15, 0.16, -0.42, 0.63, 1.11, -0.41, 0.08, 0.0, -0.08, -0.16, 0.05, 0.16, -0.19, -0.27, -0.04, -0.43, 0.23, -0.64, 0.01, 0.26, 0.02, 0.24, -0.02, 0.37, 0.47, 0.06, 0.17, 0.54, 0.18, -0.04, 0.35, 0.09, 0.15, 0.22, 0.28, 0.06, 0.25, -0.05, 0.15, -0.15, -0.42, 0.81, 0.09, -0.74, 0.05, -0.09, -0.12, -0.32, -0.5, -0.0, -0.19, 0.22, 0.02, -0.27, 0.03, 0.19, -0.6, 0.02, -0.53, 0.67], "AvgCumRets": 0.1565, "ACWI_EFG": 2.03, "ACWI_EFV": 0.09, "ACWI_EWJ": 0.48, "ACWI_SCZ": -0.38, "ACWI_SPDW": 0.04, "ACWI_VEA": 0.16, "ACWI_VEU": -0.24, "ACWI_VGK": 0.65, "ACWI_VSS": -0.4, "ACWI_VT": 8.55, "EFA_EFG": -0.1, "EFA_EFV": 0.33, "EFA_EWJ": -0.14, "EFA_SCZ": -0.15, "EFA_SPDW": 0.07, "EFA_VEA": 0.19, "EFA_VEU": -0.13, "EFA_VGK": 0.05, "EFA_VSS": -0.4, "EFG_EFV": 0.07, "EFG_EWJ": 0.48, "EFG_SCZ": -0.2, "EFG_SPDW": -0.06, "EFG_VEA": 0.15, "EFG_VEU": 0.16, "EFG_VGK": -0.42, "EFG_VSS": 0.63, "EFG_VT": 1.11, "EFV_EWJ": -0.41, "EFV_SCZ": 0.08, "EFV_SPDW": 0.0, "EFV_VEA": -0.08, "EFV_VGK": -0.16, "EFV_VSS": 0.05, "EFV_VT": 0.16, "EWJ_SPDW": -0.19, "EWJ_VEA": -0.27, "EWJ_VEU": -0.04, "EWJ_VGK": -0.43, "EWJ_VSS": 0.23, "EWJ_VT": -0.64, "SCZ_SPDW": 0.01, "SCZ_VEA": 0.26, "SCZ_VEU": 0.02, "SCZ_VGK": 0.24, "SCZ_VSS": -0.02, "SCZ_VT": 0.37, "SPDW_VEA": 0.47, "SPDW_VEU": 0.06, "SPDW_VGK": 0.17, "SPDW_VSS": 0.54, "SPDW_VT": 0.18, "VEA_VEU": -0.04, "VEA_VGK": 0.35, "VEA_VSS": 0.09, "VEA_VT": 0.15, "VEU_VSS": 0.22, "VEU_VT": 0.28, "VGK_VSS": 0.06, "VGK_VT": 0.25, "VSS_VT": -0.05, "IUSV_IVE": 0.15, "IUSV_IWM": -0.15, "IUSV_IWN": -0.42, "IUSV_SCHV": 0.81, "IUSV_SPYV": 0.09, "IVE_IWM": -0.74, "IVE_SCHV": 0.05, "IVE_SPYV": -0.09, "IVE_XLP": -0.12, "IVE_XLU": -0.32, "IWM_IWN": -0.5, "IWM_SCHV": -0.0, "IWM_SPYV": -0.19, "IWM_XLP": 0.22, "IWM_XLU": 0.02, "IWN_SCHV": -0.27, "IWN_SPYV": 0.03, "IWN_XLP": 0.19, "IWN_XLU": -0.6, "SCHV_SPYV": 0.02, "SPYV_XLP": -0.53, "SPYV_XLU": 0.67}