{"seed": 68, "trainIters": 30, "negRewM": 1.0, "startTrainIdx": 254, "hiddenLayer": 50, "sharpe": {"avg": -1.3037, "ACWI_SCHA": -0.502, "DIA_IJH": 0.214, "EFA_SPDW": 0.179, "IJH_DIA": -2.305, "IJK_ITOT": -0.891, "ITOT_IJK": -1.564, "IVE_IWS": -6.828, "IWS_IVE": -3.088, "SCHA_ACWI": 2.921, "SCHA_VT": -0.277, "SPDW_EFA": 2.79, "VB_IVE": -1.973, "VT_SCHA": -5.624}, "maxDD": {"avg": -Infinity, "ACWI_SCHA": -0.595, "DIA_IJH": -1.198, "EFA_SPDW": -0.859, "IJH_DIA": -1.01, "IJK_ITOT": -4.694, "ITOT_IJK": -Infinity, "IVE_IWS": -0.977, "IWS_IVE": -0.978, "SCHA_ACWI": -0.6, "SCHA_VT": -0.873, "SPDW_EFA": -0.787, "VB_IVE": -1.518, "VT_SCHA": -0.966}, "ACWI_SCHA": -0.01, "totalReturns": [-0.01, -0.21, -0.01, 0.35, -0.15, 0.08, 0.03, -0.04, 0.32, 0.06, 0.02, 0.13, 0.19], "AvgCumRets": 0.0585, "DIA_IJH": -0.21, "EFA_SPDW": -0.01, "IJH_DIA": 0.35, "IJK_ITOT": -0.15, "ITOT_IJK": 0.08, "IVE_IWS": 0.03, "IWS_IVE": -0.04, "SCHA_ACWI": 0.32, "SCHA_VT": 0.06, "SPDW_EFA": 0.02, "VB_IVE": 0.13, "VT_SCHA": 0.19}